status pozyczki,kwota kredytu,wiek,plec,rodzaj zrodla dochodu,miesieczny dochod netto,ktore rolowanie,okres w jakim pobieral dochod,okres w jakim bedzie pobieral dochod,opoznienie splaty
splacona,400,64,M,13,3900,0,37,48,0
splacona_cz,200,60,K,13,1000,0,60,48,9
windykacja,200,73,M,13,1700,0,17,48,1885
splacona_cz,450,47,M,11,2300,0,123,48,0
splacona_cz,299.15,53,K,11,1400,4,164,48,0
splacona_cz,200,54,M,11,2094.17,4,244,48,1
splacona_cz,300,80,K,13,1167.94,3,372,48,0
windykacja,1136.54,36,M,12,1500,4,36,0,1885
splacona_cz,500,50,K,11,1800,8,56,48,1
splacona_cz,770.69,64,K,13,860,2,83,48,3
splacona_cz,200,66,M,13,1611,0,144,48,0
odmowa,0,72,K,13,892,0,216,48,0
splacona_cz,500,37,M,12,2000,0,71,48,0
splacona,200,55,K,11,1400,8,120,48,0
splacona_cz,200,57,K,98,980,7,13,48,0
splacona_cz,500,37,M,11,3898,3,184,48,5
splacona_cz,300,55,K,12,1756,0,2,0,0
splacona_cz,400,63,K,13,1650,0,85,48,0
splacona,500,37,M,11,2800,0,158,48,2
splacona_cz,300,71,K,13,1389,0,71,48,0
splacona_cz,423.23,32,M,11,2700,7,18,48,9
odmowa,0,25,K,12,1156,0,12,8,0
splacona_cz,200,66,K,13,974,0,204,48,0
splacona,400,46,M,11,2600,0,5,48,0
splacona_cz,300,23,K,12,1500,7,18,10,0
odmowa,0,33,M,12,1400,0,29,23,0
splacona_cz,500,54,M,11,2080,2,321,48,2
splacona_cz,200,54,K,16,749.28,8,68,48,0
splacona_cz,249.3,58,K,16,2100,3,42,48,4
splacona_cz,500,52,M,13,4200,0,60,48,0
splacona_cz,1000,70,K,13,2291,4,74,48,0
splacona_cz,500,30,K,12,1447,8,35,10,1
splacona,300,47,M,11,1566.82,0,352,48,8
splacona_cz,396.89,63,K,13,3700,8,30,48,0
splacona_cz,200,76,K,13,965,7,248,48,0
splacona,200,75,K,13,1536,3,39,48,0
splacona_cz,300,72,M,13,1426,8,80,48,0
splacona,300,31,M,11,2700,0,67,48,15
splacona_cz,700,38,K,11,3178.76,3,124,48,4
splacona_cz,700,33,K,11,3100,3,124,48,4
splacona,200,52,M,12,1100,0,14,5,1
splacona_cz,738.6,56,K,12,1600,1,17,3,19
splacona_cz,300,66,K,13,802.83,2,204,48,1
odmowa,0,29,K,17,540,0,96,48,0
windykacja,500,26,M,12,1880,0,12,6,1882
splacona_cz,300,47,K,98,911,8,101,48,1
splacona_cz,390.88,60,K,13,1400,1,49,48,0
windykacja,300,47,K,12,1038.68,4,26,2,1882
splacona_cz,200,58,K,99,780,4,5,0,4
splacona_cz,300,64,K,13,1100,5,108,48,0
splacona_cz,350,74,K,11,1348.95,0,117,48,0
splacona_cz,500,51,K,17,990,4,85,48,1
splacona_cz,349.66,65,M,13,1601.87,4,48,48,5
splacona,2000,58,M,98,20000,1,133,48,4
splacona_cz,400,66,M,16,1473.04,5,168,48,0
splacona_cz,257.27,55,M,11,2100,5,41,48,4
splacona_cz,600,64,K,13,1233,1,127,48,0
splacona_cz,215.24,51,M,16,1045,7,203,48,3
splacona_cz,200,59,K,16,634,7,54,48,0
splacona_cz,300,65,K,13,1582.15,0,109,48,0
splacona,300,61,M,16,1398,0,397,48,5
splacona_cz,600,62,M,16,837,0,235,48,0
splacona_cz,400,61,K,13,1500,4,64,48,10
splacona,693.16,34,K,11,2200,4,41,48,0
splacona,200,41,K,11,2505,2,167,48,0
odmowa,0,32,K,99,1200,0,13,10,0
splacona_cz,400,26,K,17,1200,0,179,48,1
splacona_cz,200,71,M,13,1642.87,2,73,48,0
splacona_cz,600,51,M,16,2150,0,85,48,3
splacona_cz,300,63,K,13,714,1,226,48,0
splacona_cz,1000,42,K,98,6000,4,21,48,4
splacona_cz,700,59,K,13,1872,8,38,48,0
odmowa,0,44,K,12,1300,0,83,48,0
splacona,600,55,K,11,1300,0,71,48,6
splacona_cz,500,55,K,12,2200,1,11,4,0
splacona_cz,400,59,K,16,1589,1,30,48,4
splacona,300,51,M,12,3000,0,131,48,0
windykacja,300,39,K,16,1300,0,28,48,1880
splacona_cz,300,56,K,11,2800,3,13,48,0
splacona_cz,200,57,K,11,1187.06,1,137,48,4
splacona_cz,500,24,M,11,1800,0,12,48,4
splacona,391.97,65,K,13,1507,2,63,48,0
splacona_cz,800,56,K,13,3440,8,55,48,0
splacona,342.86,61,K,13,1087,2,75,48,98
odmowa,0,27,M,11,1500,0,23,48,0
splacona_cz,200,63,M,13,1162,8,224,48,0
splacona,380.9,56,K,16,2300,9,66,48,0
windykacja_sp,200,47,K,12,990.34,1,71,48,226
splacona,200,56,M,11,1460.17,0,64,48,4
splacona_cz,400,51,K,12,1000,8,37,1,0
splacona_cz,400,61,M,12,1000,8,26,10,0
splacona_cz,800,69,K,13,2120,3,122,48,0
splacona_cz,900,66,M,13,3040,0,205,48,1
splacona,200,54,K,12,1200,0,3,1,0
odmowa,0,50,M,13,941,0,72,48,0
splacona_cz,400,67,K,13,1137.19,0,100,48,0
splacona_cz,1000,81,K,13,2090,0,249,48,0
windykacja,200,26,K,11,1000,0,3,48,1876
splacona_cz,300,69,K,13,1027,4,196,48,1
splacona_cz,400,61,K,13,1107,2,18,48,0
splacona,400,24,M,98,1200,0,20,48,5
splacona_cz,200,61,K,13,1635,8,123,48,0
splacona,438.67,51,K,11,1577.42,1,209,48,20
splacona_cz,624.58,42,K,98,5000,3,88,48,6
splacona,500,63,K,13,1900,2,92,48,0
splacona_cz,500,44,K,11,1738.57,1,61,48,2
splacona,400,63,K,16,2084.79,2,145,48,0
odmowa,0,38,M,98,1600,0,5,48,0
splacona_cz,300,36,M,99,750,0,7,6,5
splacona_cz,400,69,K,13,1017,1,165,48,0
splacona_cz,500,48,K,11,1700,0,93,48,0
splacona_cz,500,45,M,12,1952.35,1,11,3,4
splacona_cz,200,57,K,99,670,0,175,48,0
odmowa,0,22,M,12,2800,0,41,19,0
odmowa,0,20,K,99,4800,0,12,2,0
splacona_cz,300,67,K,16,957,0,204,48,0
splacona_cz,278.98,39,K,98,1200,8,49,48,0
splacona,200,63,K,13,714,9,226,48,0
splacona_cz,883.93,63,M,13,2474,3,19,48,3
odmowa,0,35,M,99,1190,0,4,1,0
splacona_cz,300,71,K,13,1000,5,68,48,0
splacona,400,71,K,13,1016,1,193,48,0
splacona_cz,561.8,66,K,16,892,2,204,48,1
splacona_cz,1500,58,M,98,3000,1,72,48,6
splacona,600,43,M,98,3014,0,106,48,0
splacona_cz,900,59,K,17,684,8,209,48,0
splacona_cz,200,62,K,13,997,8,83,48,0
splacona_cz,530,63,K,13,1691.3,4,77,48,10
splacona_cz,1000,66,K,13,930,2,134,48,0
odmowa,0,75,K,13,620,0,157,48,0
windykacja_sp,500,44,M,13,2000,0,21,48,212
windykacja,500,42,K,11,1870,1,114,48,1873
splacona_cz,1300,56,K,16,2300,0,66,48,23
splacona_cz,600,73,K,13,640,2,142,48,0
splacona_cz,350,71,K,13,729.03,9,261,48,2
odmowa,0,75,K,13,1372,0,145,48,0
splacona,400,34,K,11,2200,0,14,48,0
splacona_cz,300,74,K,13,1412,2,208,48,0
splacona_cz,400,74,K,13,1140,0,241,48,0
splacona_cz,200,32,K,12,1865,5,34,10,0
splacona,400,27,K,11,2300,0,26,48,0
splacona_cz,600,36,K,11,2400,7,117,48,10
splacona,759.23,73,K,13,2534,2,130,48,10
splacona_cz,700,62,K,13,2066,8,133,48,2
splacona,300,71,M,13,1420,2,56,48,3
odmowa,0,52,K,11,1300,0,61,48,0
splacona_cz,300,72,M,13,562,4,85,48,2
splacona_cz,315.12,74,M,13,960,8,143,48,2
splacona_cz,500,54,M,11,1320,8,346,48,0
splacona_cz,600,78,M,13,2609,0,195,48,0
splacona_cz,379.9,64,K,13,930,5,97,48,0
splacona,750,56,M,16,588,0,426,48,58
splacona_cz,265.58,63,K,13,1189,8,73,48,0
splacona_cz,200,34,M,11,1800,8,169,48,0
windykacja,300,38,M,98,1200,0,4,48,1871
splacona_cz,500,42,K,11,2824,0,105,48,1
splacona_cz,996,48,M,11,2500,4,207,48,2
splacona_cz,597.15,48,M,12,600,9,27,13,0
splacona,500,23,M,12,2100,0,17,15,189
odmowa,0,32,M,12,1651.78,0,23,15,0
splacona_cz,300,36,K,12,1300,0,7,4,0
splacona_cz,300,55,K,16,1500,3,5,48,2
splacona_cz,300,27,M,12,1100,0,48,40,0
splacona_cz,400,59,K,11,1500,7,89,48,2
splacona_cz,200,55,K,16,1045.6,9,16,48,0
splacona_cz,200,56,M,11,1460.17,5,65,48,0
splacona_cz,200,32,K,12,980,8,15,0,1
splacona_cz,200,44,M,11,2284.23,3,303,48,0
splacona_cz,254.63,58,K,16,634.64,7,140,48,0
splacona_cz,200,70,K,16,959.6,8,119,48,0
splacona_cz,200,32,M,11,2000,2,9,48,0
splacona_cz,299.12,64,K,16,1389,3,95,48,0
odmowa,0,34,M,99,1700,0,1,1,0
splacona_cz,200,73,K,13,730,7,564,48,1
splacona_cz,400,61,K,16,1411,5,70,48,2
splacona_cz,630,64,K,13,3251,2,142,48,0
splacona,600,55,K,11,1500,0,114,48,0
splacona_cz,1000,73,M,13,2612,0,85,48,0
odmowa,0,36,M,99,1126,0,16,10,0
splacona,974.28,74,K,13,2100,7,59,48,12
splacona,400,44,K,11,1400,0,29,48,1
splacona_cz,300,36,K,12,1200,8,14,1,0
splacona_cz,300,43,K,11,1286.16,1,121,48,0
splacona_cz,300,40,K,12,1027,8,59,48,0
odmowa,0,68,K,13,1547,0,72,48,0
splacona,500,47,M,99,1400,0,20,0,0
splacona,500,58,K,12,1400,0,15,6,7
odmowa,0,36,K,12,1550,0,24,18,0
splacona_cz,374.91,55,K,12,1000,2,69,48,0
odmowa,0,38,M,99,1785,0,2,0,0
splacona_cz,350,63,K,13,1130,0,107,48,3
splacona_cz,267.98,53,K,11,1050,7,37,48,2
splacona,200,22,K,12,700,1,5,1,2
odmowa,0,56,M,11,1097,0,60,48,0
splacona_cz,300,64,M,12,1231,0,7,4,0
odmowa,0,20,M,99,728,0,3,2,0
splacona_cz,600,63,K,13,3700,0,31,48,0
splacona_cz,500,54,K,11,1700,0,209,48,0
splacona_cz,200,61,K,13,917,0,81,48,0
splacona_cz,247.28,58,K,13,611,7,143,48,2
splacona_cz,300,47,K,11,900,8,97,48,6
splacona_cz,300,71,K,13,729.03,2,261,48,4
splacona,300,54,M,11,1300,0,456,48,0
windykacja,200,49,M,11,1600,2,346,48,1868
splacona,400,43,M,11,2636,0,46,48,0
splacona,392.6,55,K,11,2368.57,1,414,48,172
odmowa,0,74,M,13,2112,0,109,48,0
splacona_cz,300,50,M,13,3900,9,34,48,4
splacona,500,31,M,12,1700,0,119,48,172
windykacja,293.42,41,K,12,1896,2,18,1,1868
splacona_cz,325.58,53,K,11,2065.98,1,183,48,8
splacona_cz,202.28,61,M,11,3000,9,216,48,0
splacona_cz,205.44,66,K,13,1350,7,115,48,0
splacona_cz,350,55,K,12,1700,9,69,48,0
windykacja,400,37,K,11,1228,0,37,48,1868
splacona_cz,550,55,K,12,1675,8,13,0,4
splacona,500,25,M,11,2000,0,40,48,0
odmowa,0,51,K,12,1200,0,83,48,0
splacona_cz,300,61,K,13,810,9,37,48,0
splacona,200,54,K,13,1213,0,53,48,7
splacona_cz,600,46,M,12,3500,3,215,48,0
splacona_cz,500,48,M,13,864.34,3,160,48,0
windykacja,400,64,K,13,917,2,80,48,1867
odmowa,0,73,K,13,722,0,214,48,0
windykacja,600,36,M,99,2880,0,12,10,1867
splacona,237.94,65,K,13,840,6,117,48,4
splacona,227.88,66,M,12,1100,8,35,9,0
splacona_cz,600,55,K,11,2800,0,63,48,5
windykacja,500,45,M,11,2000,0,8,48,1867
splacona_cz,1000,48,K,11,5800,8,58,48,3
splacona_cz,500,61,K,13,1000,8,72,48,0
splacona_cz,500,76,K,13,1248,2,254,48,0
splacona,200,58,M,13,12220,0,75,48,4
splacona_cz,537.15,63,K,13,962,4,69,48,3
splacona_cz,300,34,K,11,1380,0,30,48,0
splacona,300,61,K,13,1087.72,0,5,48,0
splacona_cz,441.54,36,K,98,4000,8,22,48,4
splacona,200,64,M,13,1287.66,7,100,48,10
splacona_cz,200,57,K,15,678,0,144,48,0
odmowa,0,28,M,12,1148,0,23,13,0
splacona,200,50,K,12,976,0,2,1,0
splacona_cz,300,57,K,11,1800,1,115,48,0
splacona_cz,500,65,M,11,2600,0,139,48,2
splacona_cz,300,60,M,11,2000,3,73,48,4
splacona_cz,200,28,M,12,1400,3,5,0,0
splacona_cz,300,76,K,13,821.35,0,250,48,0
splacona_cz,700,68,K,13,1431,1,251,48,0
splacona,400,54,M,11,4000,9,14,48,18
splacona_cz,200,62,K,13,975,8,31,48,14
splacona,200,32,M,98,2000,0,18,48,0
splacona_cz,600,44,K,11,1443,3,37,48,1
splacona_cz,400,57,M,11,1842.86,7,11,48,0
odmowa,0,52,M,11,2505.34,0,12,48,0
splacona_cz,300,60,K,13,1098,0,60,48,0
splacona_cz,600,63,K,13,714,2,226,48,0
splacona,600,40,K,11,1800,1,55,48,9
splacona_cz,430,39,M,11,2470,5,70,48,7
splacona_cz,450,69,K,13,1019,1,136,48,0
splacona,200,58,M,11,1800,2,164,48,0
odmowa,0,59,M,12,918,0,86,48,0
splacona,300,25,M,12,1440,0,23,16,0
splacona_cz,300,38,K,12,1382,2,35,10,0
splacona_cz,300,62,K,13,992.96,0,16,48,0
splacona,1000,58,M,13,3600,3,90,48,0
splacona_cz,600,33,M,11,2200,0,132,48,4
splacona_cz,387.11,75,K,13,1373,1,114,48,0
splacona_cz,280.88,63,M,13,2000,2,38,48,0
splacona_cz,400,45,M,11,3300,2,240,48,0
splacona_cz,200,73,K,13,785,5,68,48,0
splacona,650,60,M,13,3900,1,118,48,2
splacona,311.65,36,K,11,2709.34,9,185,48,0
splacona_cz,200,50,M,12,822,0,130,48,0
splacona_cz,400,50,K,11,1764,2,68,48,0
splacona,300,69,M,13,1689.98,0,85,48,0
odmowa,0,28,K,12,1082,0,7,4,0
splacona_cz,500,59,M,16,1770,9,93,48,0
splacona,290,62,K,13,1280,9,21,48,0
splacona,500,63,K,13,1474.55,1,69,48,21
splacona_cz,300,59,K,13,1240,1,74,48,0
splacona_cz,500,61,K,13,1800,0,73,48,0
splacona_cz,240,57,K,11,1172.2,8,41,48,3
windykacja,500,39,M,13,1648,0,17,48,1862
splacona_cz,643.05,52,K,11,3200,8,58,48,1
splacona,585.7,62,K,13,1050,9,143,48,0
odmowa,0,26,M,12,1135,0,23,14,0
splacona_cz,700,60,M,11,2800,1,100,48,0
splacona_cz,1000,58,M,12,2500,7,10,1,0
splacona_cz,200,78,K,13,1100,0,252,48,5
splacona_cz,836,62,K,13,1362,8,60,48,2
splacona_cz,400,61,K,13,1208,0,84,48,0
splacona_cz,400,68,K,13,1094,1,188,48,5
splacona_cz,390.11,60,K,12,1320,2,35,21,12
splacona_cz,249.9,26,M,11,1600,1,7,48,0
windykacja_sp,429.69,57,K,11,1730.13,0,197,48,239
splacona,300,41,K,12,1450,0,60,48,0
splacona_cz,281.84,47,K,12,1032,0,52,48,4
splacona_cz,600,74,K,13,1936,0,504,48,8
splacona,400,64,K,13,1547,0,37,48,0
splacona,500,25,M,11,2327.94,0,39,48,4
splacona_cz,348.26,39,K,11,2927,7,205,48,0
splacona,300,61,M,16,1865,0,336,48,0
splacona_cz,500,63,K,13,1879,0,40,48,1
splacona_cz,600,24,K,98,5000,0,5,48,4
odmowa,0,56,K,12,1036,0,26,10,0
splacona_cz,700,69,K,16,980,2,134,48,7
splacona_cz,500,54,M,11,1200,0,217,48,0
splacona_cz,300,32,M,11,2725,1,57,48,0
splacona_cz,481.74,48,M,13,1500,3,90,48,0
splacona,300,60,K,99,900,0,94,48,0
splacona,1000,37,K,11,1900,0,183,48,13
splacona_cz,300,71,K,13,1257,0,132,48,3
splacona_cz,300,67,M,13,2110,2,105,48,0
splacona_cz,584.54,63,M,13,2474,1,19,48,0
splacona_cz,780,48,K,12,830.46,7,71,48,13
splacona_cz,292.28,67,K,13,1428.55,2,141,48,6
splacona,200,42,K,11,1000,0,65,48,3
splacona_cz,500,53,M,11,2011,2,215,48,4
odmowa,0,52,M,12,1400,0,34,9,0
splacona_cz,300,31,M,12,2100,0,14,10,0
splacona,200,46,M,11,2100,4,54,48,0
windykacja_sp,303.13,41,M,11,1261.98,1,40,48,24
splacona_cz,800,62,K,13,5100,4,32,48,0
splacona,297.03,60,K,13,1300,2,34,48,0
splacona,500,47,M,13,2692.96,0,2,48,11
splacona_cz,300,57,M,11,1170,1,71,48,0
odmowa,0,26,M,12,1200,0,48,23,0
windykacja,700,65,K,13,1507,0,63,48,1860
splacona,310.37,55,K,11,1721.7,9,124,48,13
splacona,200,69,M,13,1162.41,3,108,48,0
splacona_cz,300,30,M,11,1590,3,57,48,2
splacona_cz,478.16,50,M,11,2500,3,378,48,2
splacona_cz,400,59,K,13,1514,0,50,48,0
splacona_cz,400,79,K,13,1239.98,0,259,48,0
splacona_cz,600,54,K,16,1362,1,33,48,0
odmowa,0,29,K,12,1156,0,107,48,0
splacona_cz,600,81,M,13,2547,3,198,48,0
odmowa,0,21,K,12,1189,0,26,18,0
splacona_cz,300,46,K,12,1294,0,15,10,0
splacona_cz,292.26,38,K,12,2000,1,158,48,3
odmowa,0,36,M,99,2300,0,12,0,0
splacona_cz,292.73,49,K,11,1077.49,3,376,48,0
splacona,400,22,M,12,1500,0,11,0,0
splacona_cz,400,63,K,13,1650,1,86,48,0
splacona,400,61,K,13,1425,1,83,48,0
splacona_cz,600,33,K,11,1331.21,8,23,48,1
windykacja_sp,300,54,M,11,981,1,24,48,170
odmowa,0,29,K,99,1300,0,118,48,0
odmowa,0,54,K,12,1107,0,14,7,0
splacona_cz,300,55,K,17,864.6,0,7,1,0
splacona_cz,200,27,K,12,1100,5,29,10,4
splacona_cz,400.91,40,K,11,1239.05,1,208,48,5
splacona_cz,300,68,K,13,783,0,157,48,0
splacona_cz,400,76,K,13,1900,5,125,48,0
splacona,450,47,M,11,2300,1,124,48,0
splacona_cz,389.72,53,K,98,3000,5,89,48,0
splacona,200,54,K,99,1100,6,57,48,0
splacona_cz,200,62,K,13,984,4,15,48,0
splacona,290.83,62,K,13,1090.14,8,79,48,21
splacona,500,57,M,13,1900,9,154,48,0
splacona,476.83,62,M,11,1250,0,69,48,16
splacona_cz,326.67,64,K,13,1668,9,95,48,2
splacona_cz,300,30,M,11,1900,0,62,48,0
splacona_cz,299.42,78,K,13,1239,1,274,48,2
splacona_cz,500,76,M,13,1150,1,142,48,8
splacona_cz,200,71,K,13,865,9,132,48,3
windykacja_sp,300,66,K,13,1400,2,122,48,164
splacona_cz,200,65,K,13,796.09,0,60,48,0
splacona,300,54,K,16,1740,2,118,48,11
splacona_cz,397.11,52,M,13,4200,1,61,48,0
splacona,300,64,M,11,1660,0,54,48,3
splacona_cz,300,40,K,12,1323.55,0,75,48,7
splacona_cz,384.3,36,M,11,1058,4,18,48,0
splacona,200,27,M,12,1100,0,59,48,2
splacona_cz,300,55,K,11,1686,0,102,48,0
splacona_cz,299.01,53,K,11,1400,5,165,48,2
windykacja,200,28,M,17,728,9,130,48,1855
splacona_cz,200,21,M,17,985,0,20,2,0
splacona,500,37,M,12,2000,1,71,48,0
odmowa,0,25,M,12,1075,0,23,18,0
splacona_cz,200,57,M,12,1600,0,60,48,0
splacona,200,66,M,13,1611,1,145,48,3
splacona_cz,300,80,K,13,1167.94,4,373,48,1
splacona_cz,500,52,K,11,1700,8,310,48,8
splacona_cz,300,71,K,13,1389,1,72,48,0
windykacja,784.54,56,K,12,1350,2,27,0,1854
splacona,300,34,K,12,2139,0,132,48,0
splacona_cz,300,58,K,11,1680,8,389,48,1
splacona_cz,500,50,K,11,1800,9,57,48,0
splacona_cz,200,38,K,12,599.03,0,24,1,7
splacona_cz,200,21,K,12,1394,0,23,21,0
splacona_cz,400,67,K,13,850,8,71,48,0
splacona_cz,200,54,M,11,2094.17,5,245,48,0
splacona,1000,70,K,13,2291,5,75,48,0
splacona_cz,300,71,M,13,1642.87,3,73,48,1
splacona_cz,500,71,K,13,1200,8,123,48,7
splacona_cz,200,71,K,13,1200,2,123,48,7
splacona_cz,300,46,K,11,3000,3,97,48,0
splacona_cz,300,23,K,12,1500,8,18,9,0
splacona_cz,203.42,30,M,11,1888.27,3,81,48,3
splacona,200,57,K,98,980,8,14,48,0
splacona_cz,300,39,M,12,1400,0,2,2,0
splacona,300,55,K,11,1756,1,3,48,0
odmowa,0,58,K,11,2698,0,31,48,0
splacona,200,66,K,13,974,1,205,48,0
splacona_cz,300,72,M,13,1426,9,81,48,0
splacona_cz,300,64,K,13,1100,6,109,48,0
splacona_cz,200,76,K,13,965,8,249,48,0
odmowa,0,55,K,11,1136,0,8,48,0
splacona_cz,200,63,K,13,3700,9,31,48,0
splacona_cz,453.84,45,K,11,2245.01,3,149,48,3
splacona_cz,350,74,K,11,1348.95,1,118,48,1
odmowa,0,22,K,17,803.54,0,12,6,0
splacona_cz,600,64,K,13,1233,2,128,48,2
splacona,200,76,K,13,1647,0,262,48,0
splacona_cz,200,54,K,16,749.28,9,70,48,0
windykacja,650,25,M,11,2000,0,41,48,1852
splacona,237.11,55,K,12,2200,2,11,3,0
splacona_cz,400,66,M,16,1473.04,6,170,48,3
odmowa,0,42,M,11,2810,0,72,48,0
windykacja_sp,376.24,60,K,13,1400,2,51,48,188
splacona_cz,637.66,64,K,13,860,3,84,48,10
splacona_cz,200,37,K,11,1350,0,31,48,1
splacona,300,47,K,98,911,9,103,48,0
splacona_cz,500,75,K,13,1060,0,252,48,0
splacona_cz,200,59,K,16,634,8,56,48,0
splacona_cz,300,66,K,13,802.83,3,206,48,0
splacona_cz,200,56,K,11,2800,4,14,48,0
splacona_cz,277.26,65,K,13,1582.15,1,110,48,0
splacona_cz,500,30,K,12,1447,9,35,9,1
splacona_cz,2000,73,M,13,2612,1,86,48,8
splacona_cz,500,62,K,13,1170,0,83,48,0
splacona_cz,600,62,M,16,837,1,236,48,3
splacona_cz,700,59,K,13,1872,9,39,48,4
splacona_cz,688.47,50,K,11,2800,1,323,48,4
splacona_cz,400,51,K,12,1000,9,37,0,0
splacona_cz,400,61,M,12,1000,9,26,9,0
windykacja,500,51,M,12,3000,0,131,48,1850
splacona_cz,830,60,K,13,1400,4,251,48,11
odmowa,0,34,M,12,1050,0,104,48,0
splacona_cz,500,51,K,17,990,5,85,48,1
splacona_cz,500,54,M,11,2080,3,323,48,1
splacona_cz,400,55,K,11,1840,0,360,48,0
splacona_cz,400,26,K,17,1200,1,179,48,4
odmowa,0,74,M,13,1072,0,134,48,0
splacona_cz,222.73,51,M,16,1045,8,204,48,1
odmowa,0,53,K,11,1100,0,26,48,0
splacona_cz,292.26,64,K,13,1014,3,187,48,8
splacona_cz,200,63,M,13,1162,9,226,48,1
splacona_cz,200,58,K,99,780,5,12,6,0
windykacja_sp,800,69,K,13,2120,4,123,48,30
splacona,670.68,59,K,13,1801.41,0,42,48,14
splacona_cz,200,61,K,13,1635,9,124,48,0
splacona_cz,500,37,M,11,3898,4,185,48,8
windykacja_sp,564.48,62,M,13,1500,0,28,48,224
splacona_cz,800,56,K,13,3440,9,56,48,0
splacona_cz,2000,58,M,98,20000,0,135,48,12
splacona_cz,700,34,K,11,1540,0,43,48,0
splacona,700,38,K,11,3178.76,4,126,48,12
splacona,700,33,K,11,3100,4,126,48,12
splacona_cz,800,50,K,11,1764,3,69,48,6
odmowa,0,26,M,11,2800,0,23,48,0
odmowa,0,59,M,12,1873,0,14,12,0
splacona_cz,249.3,58,K,16,2100,4,43,48,6
splacona_cz,257.27,55,M,11,2100,6,42,48,2
splacona,900,66,M,13,3040,1,206,48,0
splacona_cz,700,57,M,13,1553,0,114,48,0
odmowa,0,71,K,13,1997,0,128,48,0
odmowa,0,76,M,13,734.09,0,146,48,0
splacona_cz,349.66,65,M,13,1601.87,5,50,48,1
splacona_cz,400,75,K,13,1536,0,40,48,5
odmowa,0,29,K,11,1970,0,58,48,0
odmowa,0,62,M,13,1327.87,0,26,48,0
windykacja,600,51,M,16,2150,1,86,48,1847
splacona_cz,600,28,K,11,2100,0,27,48,0
splacona_cz,1000,81,K,13,2090,1,250,48,0
odmowa,0,56,K,11,1170,0,150,48,0
splacona_cz,300,38,M,99,1500,0,10,7,0
splacona_cz,1000,58,K,13,1530,2,29,48,4
splacona_cz,500,63,K,16,2084.79,0,146,48,0
splacona_cz,400,61,K,13,1107,3,19,48,0
splacona_cz,1000,42,K,98,6000,5,22,48,0
splacona_cz,289.69,69,K,13,1017,2,166,48,0
splacona_cz,400,67,K,13,1137.19,1,101,48,4
splacona_cz,390.85,59,K,16,1589,2,31,48,0
splacona_cz,234.84,60,K,13,1000,1,62,48,0
odmowa,0,54,K,12,1200,0,3,0,0
odmowa,0,59,M,11,1130,0,175,48,0
splacona,500,24,M,11,1800,1,14,48,24
splacona,400,57,K,11,1187.06,2,138,48,0
splacona,500,27,K,11,2300,0,27,48,0
odmowa,0,27,M,12,1656,0,26,22,0
splacona_cz,300,69,K,13,1027,5,197,48,0
splacona_cz,200,66,M,13,1559,0,76,48,0
odmowa,0,73,K,13,448,0,122,48,0
splacona_cz,261.28,39,K,98,1200,9,50,48,4
splacona_cz,200,57,K,99,670,1,175,48,0
splacona_cz,342.26,74,K,13,1412,3,209,48,0
splacona_cz,600,78,M,13,2609,1,195,48,0
splacona_cz,900,59,K,17,684,9,209,48,3
splacona_cz,200,32,K,12,1865,6,34,9,0
splacona_cz,500,48,K,11,1700,1,94,48,3
splacona,200,22,K,99,960,0,5,3,0
splacona_cz,500,61,M,16,1398,0,398,48,13
splacona_cz,400,74,K,13,1140,1,242,48,0
splacona,500,44,K,11,1966,0,83,48,0
splacona_cz,1000,66,K,13,930,3,135,48,0
splacona_cz,300,71,K,13,1000,6,69,48,0
splacona_cz,500,54,M,11,1320,9,347,48,2
splacona,200,66,M,13,1217,0,55,48,0
splacona_cz,300,36,K,12,1300,1,7,3,0
splacona_cz,300,41,K,11,1100,0,62,48,0
splacona_cz,600,55,K,11,1300,0,73,48,6
splacona_cz,400,56,M,11,1460.17,6,66,48,2
splacona_cz,597.15,48,M,12,600,10,27,13,0
splacona_cz,453.23,32,M,11,2700,8,20,48,7
splacona_cz,265.58,63,K,13,1189,9,74,48,0
splacona_cz,500,44,K,11,1738.57,2,62,48,0
splacona,200,55,K,16,1045.6,10,17,48,0
splacona,200,62,K,13,997,9,84,48,0
splacona_cz,200,44,M,11,2284.23,4,304,48,2
splacona_cz,292.26,67,K,16,957,1,205,48,3
splacona_cz,600,73,K,13,640,3,143,48,0
splacona_cz,628.76,64,K,13,3251,3,143,48,0
splacona_cz,800,61,M,11,1200,0,134,48,0
splacona_cz,500,59,K,13,1883.53,0,52,48,0
splacona,561.8,66,K,16,892,3,205,48,1
odmowa,0,19,M,11,1800,0,4,48,0
splacona_cz,298.97,64,K,16,1389,4,96,48,1
splacona_cz,200,61,K,13,917,1,82,48,0
splacona_cz,350,71,K,13,729.03,10,262,48,0
splacona_cz,300,40,K,12,1027,9,59,48,0
splacona_cz,260.06,64,K,13,930,6,98,48,0
odmowa,0,57,K,16,1600,0,120,48,0
odmowa,0,55,M,98,2000,0,267,48,0
splacona_cz,500,60,K,13,1658,0,34,48,0
splacona_cz,300,38,K,12,1382,3,35,9,0
splacona_cz,200,70,K,16,959.6,9,120,48,5
splacona_cz,400,61,K,13,1500,5,65,48,0
splacona_cz,804.82,63,M,13,2474,4,20,48,0
splacona,500,45,M,12,1952.35,2,11,2,10
splacona_cz,300,49,K,11,980,0,204,48,0
odmowa,0,21,M,11,1755,0,4,48,0
splacona_cz,200,34,M,11,1800,9,170,48,0
odmowa,0,27,M,98,4300,0,16,48,0
splacona,300,27,M,12,1100,1,48,39,8
splacona_cz,254.38,58,K,16,634.64,8,141,48,0
splacona_cz,300,64,M,12,1231,1,7,3,0
splacona,700,55,K,11,1500,0,115,48,0
splacona_cz,500,46,M,11,2600,0,7,48,1
odmowa,0,45,K,99,1241,0,7,0,0
odmowa,0,27,M,98,2900,0,16,48,0
splacona,200,32,M,11,2000,3,10,48,0
splacona,623.79,42,K,98,5000,4,89,48,11
splacona_cz,400,63,M,15,1100.79,0,95,48,0
splacona_cz,200,68,M,16,1600,0,16,48,0
splacona_cz,202.28,61,M,11,3000,10,217,48,0
splacona_cz,200,73,K,13,730,8,565,48,0
splacona,200,52,M,12,1188,0,18,4,0
splacona_cz,300,43,K,11,1286.16,2,122,48,0
splacona,600,51,K,11,4900,0,16,48,0
splacona_cz,700,43,M,98,3014,0,107,48,0
splacona_cz,300,36,M,99,750,1,7,5,0
splacona_cz,200,32,K,12,980,9,16,0,4
splacona_cz,500,42,K,11,2824,1,106,48,5
splacona_cz,700,62,K,13,2066,9,134,48,0
splacona_cz,300,61,K,13,810,10,38,48,0
splacona_cz,300,36,K,12,1200,9,14,0,0
splacona_cz,300,55,K,12,111.86,0,23,21,3
splacona_cz,315.12,74,M,13,960,9,145,48,0
splacona_cz,342.55,72,M,13,562,5,86,48,5
splacona_cz,200,21,M,17,985,1,20,2,0
splacona_cz,200,49,M,12,1100,0,12,1,1
splacona_cz,300,55,K,16,1500,4,6,48,0
odmowa,0,32,K,99,526,0,2,2,0
splacona,200,33,K,12,1250,0,23,16,0
splacona_cz,400,59,K,11,1500,8,90,48,3
windykacja,996,48,M,11,2500,5,209,48,1839
splacona_cz,202.87,66,K,13,1350,8,116,48,0
splacona_cz,594.54,63,K,13,3700,1,32,48,0
odmowa,0,34,K,12,1100,0,58,48,0
splacona,352.7,55,K,12,1000,3,69,48,0
splacona_cz,500,54,K,11,1700,1,210,48,0
splacona_cz,400,61,K,16,1411,6,71,48,3
splacona_cz,500,76,K,13,1248,3,255,48,2
splacona,200,22,M,12,1300,0,35,33,0
splacona,400,41,K,12,1450,0,60,48,0
splacona_cz,1500,58,M,98,3000,2,74,48,13
odmowa,0,68,K,13,926,0,132,48,0
splacona_cz,500,65,M,13,1530,0,40,48,5
windykacja,300,42,K,12,1344,0,9,3,1838
splacona,500,64,K,16,1340,0,166,48,0
odmowa,0,45,K,11,1375,0,206,48,0
splacona_cz,350,55,K,12,1700,10,69,48,0
splacona_cz,297.26,34,K,11,1380,1,31,48,2
splacona_cz,599.54,46,M,12,3500,4,215,48,0
splacona_cz,400,72,M,13,1097,0,84,48,0
splacona_cz,200,57,K,15,678,1,145,48,0
splacona_cz,200,66,M,13,1181,0,120,48,7
splacona_cz,500,48,M,13,864.34,4,161,48,3
odmowa,0,58,M,11,2100,0,35,48,0
odmowa,0,34,K,12,868,0,2,1,0
splacona_cz,300,62,K,13,992.96,1,17,48,0
splacona_cz,300,60,K,13,1098,1,61,48,2
splacona,400,50,K,12,976,0,2,0,0
splacona,426.56,31,M,11,2700,0,69,48,14
splacona,200,46,M,99,1416,0,2,0,0
splacona_cz,400,57,M,11,1842.86,8,12,48,1
splacona,265.33,53,K,11,1050,8,38,48,1
splacona,500,37,M,11,2800,0,160,48,0
splacona_cz,300,57,K,11,1800,2,116,48,0
odmowa,0,20,M,12,754,0,2,2,0
splacona_cz,200,58,K,13,611,8,144,48,1
splacona_cz,437.11,61,K,13,1000,9,73,48,2
splacona_cz,200,63,K,13,1130,1,108,48,0
odmowa,0,21,M,11,1411,0,1,48,0
splacona,400,27,M,11,2151,0,44,48,1
splacona,200,59,M,12,1150,0,0,0,1
odmowa,0,43,M,11,1800,0,8,48,0
splacona,400,61,K,13,1087.72,0,6,48,1
splacona,200,28,M,12,1400,4,17,11,0
splacona_cz,300,55,K,11,1400,0,121,48,0
splacona_cz,484.54,63,K,13,714,3,227,48,0
splacona,293.13,50,M,13,3900,10,35,48,0
splacona_cz,200,52,M,12,1188,0,18,3,2
splacona_cz,550,55,K,12,1675,9,14,0,6
splacona_cz,731.95,68,K,13,1431,2,252,48,1
splacona_cz,400,61,M,16,1865,0,337,48,2
splacona_cz,300,71,K,13,729.03,3,262,48,1
splacona_cz,300,54,M,11,1300,0,457,48,0
odmowa,0,41,K,12,1046.99,0,63,48,0
splacona_cz,450,69,K,13,1019,2,137,48,6
splacona_cz,400,45,M,11,3300,3,241,48,0
odmowa,0,30,M,12,1364,0,59,48,0
splacona_cz,407.59,65,M,11,2600,1,140,48,0
splacona_cz,300,76,K,13,821.35,1,251,48,2
splacona_cz,900,48,K,11,5800,9,59,48,2
splacona_cz,480.2,48,M,13,1500,4,91,48,0
splacona_cz,200,73,K,13,785,6,69,48,0
splacona_cz,200,69,M,13,1103,0,48,48,0
splacona,400,69,M,13,1689.98,0,86,48,0
splacona_cz,500,41,K,11,2505,0,169,48,1
splacona_cz,537.15,63,K,13,962,5,70,48,1
splacona_cz,500,26,M,11,2259,0,76,48,6
splacona,300,49,K,12,1700,0,38,33,2
splacona_cz,387.11,75,K,13,1373,2,115,48,0
splacona,400,65,K,13,840,0,118,48,0
odmowa,0,39,K,12,1200,0,1,0,0
odmowa,0,32,M,11,1124,0,186,48,0
splacona_cz,600,36,K,11,2709.34,0,186,48,0
windykacja_sp,738.6,56,K,12,1600,2,17,1,165
windykacja_sp,859.23,73,K,13,2534,0,132,48,208
splacona_cz,274.08,63,M,13,2000,3,39,48,0
splacona_cz,600,44,K,11,1443,4,38,48,1
splacona,600,81,M,13,2547,4,199,48,0
splacona_cz,300,50,K,12,1115,0,24,17,0
splacona_cz,600,36,K,11,2400,8,118,48,6
splacona,581.34,63,K,13,1691.3,5,78,48,18
odmowa,0,67,K,13,1330,0,84,48,0
splacona_cz,243.13,60,M,11,2000,4,74,48,6
windykacja,242.26,31,M,12,2100,1,14,9,1832
splacona_cz,499.11,61,K,13,1800,1,74,48,0
splacona_cz,400,60,K,99,900,0,94,48,3
splacona,350,79,K,13,1239.98,1,260,48,0
splacona_cz,500,59,M,16,1770,10,94,48,0
splacona,250,50,M,12,822,1,130,48,0
splacona,441.54,36,K,98,4000,9,23,48,10
splacona_cz,300,47,K,11,900,9,98,48,4
splacona_cz,400,34,K,12,2139,0,132,48,0
splacona_cz,300,59,K,13,1240,2,75,48,0
odmowa,0,67,K,13,1330,0,84,48,0
odmowa,0,24,K,11,1626,0,17,48,0
splacona_cz,300,54,K,12,1200,0,27,23,0
splacona_cz,600,55,K,11,2800,1,65,48,5
splacona_cz,700,60,M,11,2800,2,101,48,5
odmowa,0,66,K,13,1700,0,40,48,0
odmowa,0,23,M,99,1474,0,8,0,0
splacona_cz,400,61,K,13,1208,1,85,48,5
splacona_cz,561.74,63,M,13,2474,2,20,48,0
splacona_cz,500,69,M,13,1162.41,0,109,48,0
splacona_cz,600,54,K,16,1362,2,34,48,2
splacona_cz,1000,58,M,12,2500,8,10,0,4
splacona_cz,249.9,26,M,11,1600,2,8,48,0
splacona_cz,300,32,M,11,2725,2,58,48,0
splacona_cz,300,62,K,13,744.07,0,17,48,0
splacona_cz,500,54,M,11,1200,1,218,48,0
splacona_cz,450,38,M,11,1931,0,72,48,4
splacona_cz,313.42,39,K,11,2927,8,206,48,2
splacona,500,47,M,99,1400,0,21,0,0
splacona_cz,400,39,M,11,3800,0,14,48,0
splacona_cz,688,52,K,11,3200,9,59,48,3
splacona_cz,400,63,K,13,1650,2,87,48,1
splacona_cz,300,54,K,99,1100,0,57,48,2
splacona,300,67,M,13,2110,3,106,48,0
splacona_cz,300,68,K,13,783,1,158,48,0
splacona_cz,350,59,K,13,1514,1,51,48,0
splacona_cz,400,76,K,13,1900,6,126,48,1
splacona_cz,389.72,53,K,98,3000,6,90,48,1
splacona_cz,800,62,K,13,5100,5,33,48,0
splacona_cz,500,34,K,11,2200,0,16,48,0
splacona,400,47,M,11,1566.82,0,354,48,4
splacona_cz,292.54,49,K,11,1077.49,4,377,48,0
splacona_cz,300,57,M,11,1170,2,72,48,3
splacona_cz,596.28,33,M,11,2200,1,133,48,16
odmowa,0,50,M,13,981,0,72,48,0
splacona_cz,322.17,53,K,11,2065.98,2,184,48,4
splacona_cz,587.11,63,K,13,1879,1,41,48,11
splacona,750,60,M,13,3900,0,119,48,2
splacona_cz,200,62,K,13,984,5,16,48,2
splacona_cz,833.26,62,K,13,1362,9,61,48,2
splacona_cz,240,57,K,11,1172.2,9,42,48,4
splacona_cz,475.38,50,M,11,2500,4,379,48,1
splacona,300,75,M,13,1180,0,145,48,0
splacona_cz,576.3,74,K,13,2100,0,60,48,0
splacona_cz,400,67,K,13,850,9,72,48,0
splacona_cz,300,71,K,13,1257,1,133,48,0
splacona_cz,487.15,74,K,13,951,0,167,48,1
splacona_cz,300,30,M,11,1900,1,63,48,0
splacona_cz,200,78,K,13,1300,0,198,48,0
splacona,600,24,K,98,5000,1,6,48,16
splacona_cz,242.26,55,K,17,864.6,1,7,0,0
splacona_cz,292.55,30,M,11,1590,4,58,48,5
splacona_cz,281.84,47,K,12,1032,1,52,48,1
splacona,200,65,K,13,796.09,1,61,48,0
splacona_cz,430,39,M,11,2470,6,71,48,2
odmowa,0,24,K,12,1196,0,23,15,0
splacona_cz,200,78,K,13,1100,1,253,48,1
splacona_cz,316.55,36,M,11,1058,5,19,48,0
odmowa,0,24,M,99,1800,0,7,1,0
splacona_cz,600,33,K,11,1331.21,9,24,48,0
windykacja,200,64,M,13,1287.66,0,101,48,1826
windykacja,400,68,K,13,809,2,189,48,1826
splacona_cz,395.44,52,M,13,4200,2,62,48,0
splacona_cz,438.08,53,M,11,2011,3,216,48,0
odmowa,0,24,M,99,1800,0,7,1,0
splacona_cz,291.14,38,K,12,2000,2,158,48,8
splacona_cz,300,55,K,11,1686,1,103,48,4
splacona_cz,200,57,M,12,1600,1,60,48,14
odmowa,0,55,K,11,1127.82,0,254,48,0
splacona_cz,326.67,64,K,13,1668,10,96,48,0
odmowa,0,60,K,13,632,0,74,48,0
splacona_cz,500,78,K,13,1299,2,275,48,0
splacona_cz,250,61,K,13,1224,0,60,48,0
odmowa,0,57,M,11,2000,0,8,48,0
odmowa,0,34,M,11,1300,0,158,48,0
splacona,200,22,M,12,1500,0,23,11,0
splacona,677.97,40,K,11,1800,0,57,48,18
splacona_cz,300,71,K,13,1446,2,73,48,3
odmowa,0,53,M,17,864.34,0,11,3,0
splacona,400,56,M,11,1100,0,110,48,0
splacona_cz,500,50,K,11,1800,10,58,48,3
splacona,200,58,M,13,12220,0,76,48,0
splacona,300,62,K,13,1431,0,51,48,0
splacona_cz,500,50,K,11,2470,0,359,48,0
odmowa,0,25,M,11,3272,0,15,48,0
splacona_cz,500,50,M,11,1867.29,0,54,48,0
splacona,200,21,K,12,1394,1,23,20,0
splacona_cz,700,69,K,16,965,3,136,48,11
windykacja,300,46,K,12,1294,1,15,9,1824
splacona,200,63,K,13,3700,10,32,48,0
splacona_cz,200,54,M,11,2094.17,6,246,48,6
splacona_cz,200,71,K,13,910,10,133,48,0
splacona_cz,500,57,M,13,4388,0,60,48,0
splacona_cz,600,60,M,11,2300,0,77,48,0
splacona_cz,300,80,K,13,1167.94,5,374,48,0
splacona,200,67,K,13,1428.55,3,142,48,0
splacona_cz,298.01,53,K,11,1400,6,166,48,0
splacona,300,72,M,13,1426,10,82,48,43
splacona_cz,500,75,K,13,1060,1,252,48,0
windykacja,300,23,K,12,1500,9,18,8,1822
splacona_cz,200,27,K,12,1100,6,29,9,4
splacona_cz,300,64,K,13,1100,7,110,48,0
windykacja,738.02,74,K,13,1936,1,505,48,1822
splacona,300,39,M,12,1400,1,2,1,42
odmowa,0,28,K,16,597,0,119,48,0
splacona_cz,400,55,K,11,1840,1,361,48,0
splacona_cz,200,76,K,13,965,9,250,48,0
splacona_cz,300,46,K,11,3000,4,98,48,0
splacona_cz,300,66,K,13,813.35,0,206,48,0
splacona_cz,300,58,K,11,1680,9,390,48,0
splacona_cz,400,51,K,12,1000,10,37,0,0
splacona,400,61,M,12,1000,10,26,8,0
splacona_cz,1000,43,M,11,2263,0,80,48,4
splacona_cz,500,62,K,13,1170,1,83,48,0
splacona,400,64,M,11,1660,0,55,48,0
splacona_cz,300,66,K,13,802.83,4,206,48,0
splacona_cz,400.91,40,K,11,1239.05,2,209,48,5
splacona,350,74,K,11,1348.95,2,119,48,0
splacona_cz,300,71,M,13,1642.87,4,74,48,5
splacona_cz,200,54,K,16,749.28,10,70,48,0
splacona_cz,800,53,M,11,3200,0,194,48,0
splacona_cz,600,64,K,13,1233,3,129,48,2
splacona_cz,200,59,K,16,634,9,57,48,0
splacona_cz,300,47,K,98,911,0,104,48,8
splacona_cz,228.74,65,K,13,1582.15,2,111,48,5
odmowa,0,45,M,98,1170,0,12,48,0
splacona_cz,400,61,K,16,1406,0,121,48,0
splacona,203.42,30,M,11,1888.27,4,1,48,7
splacona_cz,400,57,K,98,980,0,15,48,0
splacona,200,56,K,11,2800,5,15,48,2
splacona,200,62,K,13,975,9,33,48,9
splacona_cz,1256.49,56,K,16,2300,1,68,48,2
splacona_cz,449.94,45,K,11,2245.01,4,151,48,2
splacona_cz,200,37,K,11,1350,1,32,48,7
windykacja,285.11,60,K,12,1320,3,35,19,1818
splacona_cz,600,57,K,11,2103.84,0,174,48,0
windykacja,477.11,47,M,13,2692.96,0,4,48,1818
splacona_cz,500,30,K,12,1447,10,35,8,0
odmowa,0,63,K,13,1055,0,98,48,0
splacona_cz,626.93,64,K,13,3251,4,143,48,0
odmowa,0,61,K,13,1907,0,63,48,0
splacona_cz,500,76,M,13,1150,2,144,48,21
splacona_cz,300,32,M,11,1100,0,0,48,7
splacona_cz,600,28,K,11,2100,1,28,48,0
splacona_cz,400,22,K,99,1155,0,5,2,6
splacona,500,51,K,17,990,6,85,48,10
splacona,500,54,M,11,2080,4,324,48,10
splacona_cz,400,66,M,16,1473.04,7,171,48,0
splacona_cz,200,58,K,99,780,6,12,5,0
splacona_cz,1000,70,K,13,2344.62,0,76,48,0
windykacja,400,61,K,13,1155,4,20,48,1818
splacona_cz,1000,66,M,13,3074,0,207,48,0
splacona_cz,1000,42,K,98,6000,6,23,48,1
splacona_cz,800,56,K,13,3440,10,57,48,1
splacona_cz,200,29,M,12,2100,0,23,19,0
splacona_cz,300,38,M,99,1500,1,10,6,0
splacona,200,59,K,13,1300,0,40,48,0
splacona_cz,200,61,K,13,1635,10,125,48,0
splacona_cz,300,52,M,17,1214,0,108,48,0
splacona_cz,200,78,K,13,1300,1,199,48,0
splacona_cz,390.85,59,K,16,1589,3,32,48,0
splacona,700,34,K,11,1540,1,44,48,4
splacona_cz,700,57,M,13,1553,1,114,48,3
windykacja,300,40,K,12,1323.55,1,75,48,1818
odmowa,0,36,K,11,1890,0,46,48,0
splacona_cz,200,66,M,13,1559,1,77,48,2
odmowa,0,57,K,16,1446,0,6,48,0
splacona_cz,222.73,51,M,16,1045,9,205,48,5
splacona,200,63,M,13,1162,10,227,48,0
splacona_cz,1000,81,K,13,2090,2,251,48,10
splacona_cz,779.89,48,K,12,830.46,8,71,48,4
splacona_cz,342.26,74,K,13,1412,4,209,48,3
splacona_cz,600,62,M,16,837,2,237,48,13
splacona_cz,300,69,K,13,1027,6,198,48,20
splacona_cz,500,36,M,11,2200,0,91,48,4
splacona,200,38,K,12,599.03,1,26,1,10
splacona_cz,250,45,K,99,1055,0,13,5,0
splacona_cz,310.37,55,K,11,1721.7,0,126,48,0
splacona_cz,600,78,M,13,2609,2,196,48,0
splacona_cz,289.69,69,K,13,1104.65,3,167,48,0
splacona_cz,650,44,K,11,1966,0,84,48,10
splacona_cz,400,55,K,11,1756,0,4,48,2
splacona_cz,200,32,K,12,1865,7,34,8,2
splacona_cz,257.27,55,M,11,2100,7,43,48,1
splacona_cz,349.66,65,M,13,1601.87,6,51,48,0
splacona_cz,497.95,71,K,13,1200,9,124,48,3
splacona,200,71,K,13,1200,3,124,48,3
splacona_cz,500,63,K,16,2084.79,1,147,48,0
splacona,700,59,K,13,1872,10,40,48,2
splacona_cz,200,60,K,13,1000,2,63,48,3
splacona_cz,638.47,50,K,11,2800,2,324,48,1
splacona,200,57,K,99,736,2,175,48,0
windykacja,500,52,K,11,1700,9,311,48,1815
splacona_cz,400,26,K,17,1200,2,179,48,0
odmowa,0,31,M,99,900,0,1,0,0
splacona_cz,2500,73,M,13,2612,2,87,48,5
splacona,350,50,M,12,1001,0,130,48,0
splacona_cz,800,61,M,11,1200,1,135,48,5
splacona_cz,400,67,K,13,1137.19,2,102,48,0
splacona_cz,299.26,41,K,11,1100,1,63,48,1
splacona_cz,940,66,K,13,930,4,136,48,0
splacona_cz,242.26,36,K,12,1300,2,7,2,0
splacona_cz,300,71,K,13,1000,7,70,48,0
splacona_cz,597.15,48,M,12,600,11,27,11,0
splacona_cz,500,48,K,11,1700,2,95,48,0
odmowa,0,71,K,13,1154.88,0,183,48,0
splacona_cz,600,73,K,13,640,4,144,48,0
splacona_cz,261.52,63,K,13,1189,10,75,48,0
splacona_cz,400,74,K,13,1140,2,243,48,0
splacona,400,55,K,12,2200,0,11,2,0
splacona_cz,400,75,K,13,1594.57,1,42,48,2
splacona_cz,1000,74,K,13,2100,1,61,48,4
splacona_cz,200,73,K,13,730,9,566,48,1
splacona,500,59,K,13,1883.53,1,53,48,0
splacona_cz,300,64,M,12,1231,2,7,2,0
splacona_cz,249.3,58,K,16,2100,5,44,48,11
splacona_cz,200,68,M,16,1600,1,17,48,0
splacona_cz,900,59,K,17,684,10,209,48,0
splacona,635.71,64,K,13,960.96,4,86,48,9
splacona_cz,200,61,K,13,972.77,2,83,48,0
splacona_cz,467.11,44,K,11,1738.57,3,63,48,0
splacona,800,50,K,11,1764,4,70,48,26
splacona_cz,1000,58,K,13,1530,3,30,48,11
splacona_cz,300,40,K,12,1027,10,59,48,3
splacona,202.28,61,M,11,3000,11,218,48,0
splacona_cz,235.94,39,K,98,1200,10,51,48,0
splacona_cz,560,64,K,13,930,7,99,48,0
splacona,300,43,K,11,1286.16,3,123,48,0
splacona_cz,350,71,K,13,768.89,11,263,48,0
splacona_cz,200,34,M,11,1800,10,171,48,0
splacona,476.83,62,M,11,1250,0,71,48,14
splacona_cz,300,38,K,12,1382,4,35,8,0
splacona_cz,700,43,M,98,3014,1,108,48,0
splacona_cz,700,66,K,16,892,0,206,48,0
splacona_cz,487.11,60,K,13,1711,1,35,48,0
splacona_cz,400,61,K,13,1577.98,6,66,48,0
splacona_cz,598.85,46,M,12,3500,5,215,48,0
windykacja_sp,377.11,63,K,13,1474.55,0,71,48,0
splacona_cz,298.75,64,K,16,1389,5,97,48,3
splacona_cz,254.01,58,K,16,634.64,9,142,48,0
splacona_cz,300,49,K,11,980,1,205,48,0
odmowa,0,21,M,12,2500,0,24,13,0
splacona_cz,786.49,63,M,13,2474,5,21,48,0
splacona_cz,500,33,K,12,1500,0,9,4,1
odmowa,0,38,M,12,2300,0,206,48,0
odmowa,0,37,M,12,1627,0,2,1,0
splacona,700,55,K,11,1500,0,116,48,1
splacona_cz,500,59,K,13,1522.63,0,48,48,5
odmowa,0,59,M,13,1026,0,51,48,0
splacona_cz,490,56,M,11,1460.17,7,67,48,4
windykacja,535.49,37,M,11,3898,5,186,48,1810
splacona_cz,300,61,K,13,810,11,39,48,0
splacona_cz,200,21,M,17,985,2,20,1,2
splacona_cz,500,54,M,11,1320,10,348,48,0
splacona_cz,700,62,K,13,2066,10,135,48,0
splacona_cz,400,57,M,13,1944,0,156,48,3
odmowa,0,37,K,11,1499,0,73,48,0
splacona_cz,499.99,46,M,11,2600,1,8,48,2
splacona_cz,282.84,64,K,13,1014,4,188,48,10
splacona_cz,300,36,M,99,750,2,7,4,0
splacona,400,63,M,15,1100.79,1,96,48,0
splacona,200,44,M,11,2284.23,5,305,48,0
odmowa,0,33,M,17,498,0,105,48,0
splacona_cz,1000,58,M,13,3772,0,92,48,0
splacona,300,55,K,16,1500,5,7,48,0
splacona_cz,300,36,K,12,1200,10,16,1,2
splacona_cz,600,47,M,11,2100,0,125,48,0
splacona_cz,200,57,K,15,736.36,2,146,48,0
splacona,500,27,K,11,2300,0,28,48,0
windykacja_sp,830,60,K,13,1400,5,252,48,176
odmowa,0,20,K,17,1330,0,23,4,0
splacona_cz,500,55,K,12,1230,0,69,48,0
splacona_cz,315.12,74,M,13,1024.9,10,145,48,1
odmowa,0,42,K,12,860,0,6,1,0
splacona_cz,200,52,M,12,1188,0,18,3,10
splacona_cz,500,37,M,12,2000,0,71,48,0
splacona_cz,576.48,63,K,13,1427.8,2,33,48,0
splacona_cz,291.43,67,K,16,957,2,206,48,2
splacona_cz,202.87,66,K,13,1400.96,9,117,48,0
splacona_cz,350,55,K,12,1700,11,69,48,0
splacona_cz,500,54,K,11,1700,2,211,48,3
odmowa,0,52,K,11,1504,0,228,48,0
splacona,500,41,K,12,1450,0,60,48,0
splacona_cz,200,49,M,12,1100,1,12,0,2
odmowa,0,29,M,12,1000,0,16,8,0
splacona,400,72,M,13,1097,1,85,48,0
splacona_cz,500,76,K,13,1314.76,4,256,48,5
splacona,296.52,34,K,11,1380,2,32,48,1
splacona,400,50,K,12,976,0,8,5,0
odmowa,0,23,M,99,1000,0,2,0,0
splacona_cz,200,64,K,16,534,0,167,48,1
splacona,2548.44,58,M,98,20000,1,136,48,15
splacona,250,43,K,11,1520,0,27,48,0
splacona,300,55,K,12,111.86,1,23,20,1
splacona_cz,300,57,K,11,1800,3,117,48,2
windykacja,218.75,62,K,13,1090.14,0,81,48,1806
splacona,597.54,55,K,11,1300,1,74,48,9
splacona,200,70,K,16,959.6,10,121,48,12
splacona_cz,200,63,K,13,1130,2,109,48,1
splacona_cz,400,59,K,11,1500,9,91,48,8
splacona_cz,300,62,K,13,1051.89,2,18,48,0
splacona_cz,300,59,K,13,1240,3,76,48,1
splacona_cz,400,61,K,16,1411,7,72,48,2
splacona_cz,200,32,K,12,980,10,17,0,1
windykacja_sp,739.39,33,K,11,3100,0,127,48,15
splacona,739.39,38,K,11,3178.76,0,127,48,19
splacona_cz,300,57,K,11,1187.06,0,139,48,5
splacona_cz,500,79,K,13,1302.55,0,261,48,0
splacona_cz,500,37,K,11,1600,0,185,48,1
splacona,400,22,M,12,1300,0,35,32,0
splacona_cz,500,42,K,11,2824,2,107,48,0
splacona_cz,500,27,M,11,2151,0,45,48,6
splacona_cz,300,59,M,12,1131,0,0,0,6
splacona,300,75,M,13,1271,0,156,48,0
splacona_cz,250,68,K,13,777,0,99,48,0
splacona,1000,55,M,13,2651.19,0,122,48,147
splacona_cz,300,55,K,11,1400,1,122,48,0
odmowa,0,42,K,12,640,0,15,10,0
splacona_cz,500,61,K,13,1087.72,0,7,48,5
splacona_cz,500,61,K,13,1241,0,3,48,0
splacona_cz,408.16,32,M,11,2700,9,21,48,13
splacona,399.69,45,M,11,3300,4,242,48,0
splacona,300,54,M,11,1300,1,458,48,0
splacona_cz,200,46,M,99,1416,0,4,1,9
splacona,200,58,K,13,668,9,145,48,0
splacona_cz,400,57,M,11,1842.86,9,13,48,0
splacona_cz,437.11,61,K,13,1000,10,74,48,0
splacona_cz,500,62,K,13,997,0,85,48,0
splacona,500,66,M,13,1217,0,57,48,0
splacona_cz,477.92,48,M,13,1500,5,92,48,0
splacona_cz,584.54,36,K,11,2709.34,1,187,48,0
splacona,200,73,K,13,785,7,70,48,0
splacona_cz,500,48,K,98,2000,0,7,48,0
splacona_cz,300,60,K,13,1098,2,62,48,7
splacona_cz,384.32,63,K,13,790.98,4,228,48,0
odmowa,0,41,K,11,1260,0,8,48,0
splacona_cz,300,50,K,12,1115,1,24,16,0
splacona_cz,400.88,65,M,11,2600,2,141,48,0
splacona_cz,500,66,M,13,3245.27,0,9,48,18
splacona_cz,498.8,61,K,13,1800,2,75,48,0
splacona_cz,342.55,72,M,13,562,6,87,48,7
splacona_cz,400,64,K,13,1547,0,39,48,0
splacona_cz,731.95,68,K,13,1431,3,253,48,12
splacona_cz,387.11,75,K,13,1471,3,116,48,0
splacona_cz,300,71,K,13,729.03,4,263,48,0
splacona_cz,500,26,M,11,1600,3,9,48,0
splacona_cz,500,48,M,13,864.34,5,162,48,0
splacona,400,63,K,16,1151.1,0,38,48,0
splacona_cz,200,69,M,13,1103,1,49,48,5
splacona_cz,450,69,M,13,1162.41,1,110,48,0
splacona_cz,254.06,63,M,13,2000,4,40,48,0
splacona,200,65,M,13,1530,1,41,48,0
splacona_cz,300,62,K,13,744.07,1,18,48,0
splacona_cz,300,32,M,11,2725,3,58,48,2
windykacja,500,41,K,11,2505,1,170,48,1801
splacona_cz,200,64,M,16,808.99,0,255,48,0
splacona,200,63,K,13,790.98,0,228,48,0
splacona_cz,500,54,M,11,1200,2,219,48,0
splacona,491.87,63,K,13,962,6,71,48,0
splacona,500,71,M,13,1500,0,59,48,4
odmowa,0,46,K,17,898.28,0,98,48,0
splacona_cz,500,76,K,13,1647,0,263,48,0
splacona_cz,500,64,K,13,1932,0,108,48,0
splacona_cz,237.15,55,K,17,864.6,2,8,0,0
splacona_cz,200,78,K,13,1902,0,199,48,0
splacona,400,79,K,13,1186.72,0,267,48,15
windykacja,500,59,M,16,1770,11,95,48,1801
odmowa,0,57,K,13,851.92,0,87,48,0
splacona_cz,300,54,K,12,1200,1,27,23,0
splacona_cz,400,34,K,12,2139,1,132,48,2
splacona_cz,300,28,M,12,2135,0,14,10,0
splacona_cz,400,61,M,16,1865,1,338,48,1
splacona_cz,300,76,K,13,821.35,2,252,48,2
splacona_cz,600,44,K,11,1443,5,39,48,3
splacona_cz,200,26,M,11,1200,0,21,48,8
odmowa,0,70,M,13,1273,0,117,48,0
windykacja_sp,200,52,M,12,1188,1,18,2,147
splacona_cz,1000,48,K,11,5800,10,60,48,2
splacona_cz,561.46,45,M,12,1952.35,0,11,1,2
splacona_cz,500,25,M,11,2327.94,0,41,48,5
splacona_cz,528.13,63,M,13,2533.98,3,21,48,0
splacona_cz,300,31,K,11,1300,0,0,48,1
splacona_cz,389.69,39,M,11,3800,1,15,48,0
splacona_cz,200,66,M,13,1181,1,121,48,7
splacona_cz,300,68,K,13,783,2,159,48,0
splacona,500,69,M,13,1689.98,0,87,48,0
splacona,400,63,K,13,1293,0,159,48,2
odmowa,0,61,M,16,624.26,0,135,48,0
splacona_cz,600,54,K,16,1419,3,35,48,0
splacona_cz,659.6,42,K,98,5000,0,90,48,5
splacona_cz,1000,34,K,11,2200,0,43,48,0
splacona,577.11,61,M,16,1398,1,399,48,9
splacona_cz,292.27,49,K,11,1077.49,5,378,48,0
splacona_cz,800,62,K,13,5100,6,34,48,0
odmowa,0,21,M,12,1056.36,0,59,48,0
splacona_cz,400,60,K,99,900,1,94,48,5
splacona,500,34,K,11,2200,1,17,48,0
splacona_cz,349.97,59,K,13,1571,2,52,48,8
splacona_cz,200,22,M,11,1700,0,21,48,1
splacona_cz,292.35,39,K,11,2927,9,207,48,0
splacona_cz,300,66,M,13,1611,0,147,48,1
splacona_cz,400,25,M,12,1490,0,31,18,0
splacona_cz,289.69,63,K,13,1650,3,88,48,0
splacona,600,33,K,11,1331.21,10,25,48,18
splacona_cz,300,47,K,11,1040,10,99,48,5
odmowa,0,54,K,16,1300,0,384,48,0
splacona_cz,450,69,K,13,1019,3,138,48,6
splacona_cz,400,76,K,13,1900,7,127,48,0
splacona_cz,389.72,53,K,98,3000,7,91,48,0
splacona,400,22,K,12,1570,0,19,11,15
splacona_cz,665.44,52,K,11,3200,10,60,48,1
splacona_cz,550,55,K,12,1675,10,15,0,1
splacona_cz,289.69,67,K,13,850,10,73,48,0
splacona_cz,300,26,M,12,1091.86,0,4,1,0
splacona_cz,499.55,26,M,11,2259,1,77,48,7
windykacja,800,60,M,13,3900,0,120,48,1797
splacona,300,30,M,11,1900,2,64,48,69
windykacja,700,60,M,11,2800,3,102,48,1797
odmowa,0,39,M,12,1500,0,120,48,0
splacona_cz,400,64,K,16,1693,0,70,48,1
splacona_cz,300,65,K,13,796.09,0,62,48,0
splacona,375.82,53,M,11,2011,4,217,48,11
splacona_cz,829.22,62,K,13,1362,10,62,48,6
splacona_cz,1000,58,M,12,2500,9,22,11,5
splacona_cz,300,71,K,13,1257,2,134,48,0
splacona,400,71,K,13,1016,0,195,48,0
odmowa,0,47,M,11,1111,0,73,48,0
splacona_cz,200,51,M,12,1000,0,62,48,0
splacona,1000,54,M,11,4000,0,16,48,11
splacona_cz,299.55,54,K,98,1100,1,57,48,0
splacona_cz,697.44,36,K,11,2400,9,119,48,15
splacona_cz,294.32,53,K,11,1400,7,167,48,3
splacona_cz,500,56,M,11,1100,0,111,48,0
splacona,450,38,M,11,1931,1,73,48,0
splacona_cz,200,62,K,13,984,6,17,48,0
splacona_cz,586.86,55,K,11,2800,2,66,48,0
splacona_cz,286.67,36,M,11,1058,6,20,48,2
splacona_cz,470.82,50,M,11,2500,5,380,48,5
odmowa,0,46,M,99,1700,0,2,0,0
splacona_cz,600,60,K,13,1706,0,121,48,0
splacona_cz,400,61,K,13,1208,2,86,48,2
splacona,500,62,K,13,2827.13,0,86,48,0
splacona_cz,248.56,61,K,13,1224,1,61,48,0
splacona_cz,400,59,M,16,879.17,0,312,48,0
splacona_cz,382.98,52,M,13,4200,3,63,48,0
splacona_cz,487.15,74,K,13,951,1,168,48,0
splacona,500,75,K,13,1060,2,253,48,0
splacona_cz,281.84,47,K,12,1032,2,52,48,3
splacona_cz,400,53,K,11,1150,0,39,48,0
splacona_cz,300,80,K,13,1167.94,6,375,48,0
odmowa,0,53,K,11,890,0,366,48,0
odmowa,0,24,M,99,968,0,5,0,0
splacona_cz,300,57,M,11,1170,3,73,48,3
splacona_cz,239.61,60,M,11,2000,5,75,48,5
splacona_cz,326.58,64,K,13,1668,11,97,48,0
splacona,200,50,M,11,2945,0,327,48,0
splacona_cz,200,59,K,16,709,10,57,48,0
splacona,300,58,K,11,1680,10,391,48,16
splacona,487.11,57,M,13,4388,1,61,48,3
splacona_cz,700,78,K,13,1299,3,276,48,3
splacona_cz,500,62,K,13,1170,2,84,48,0
splacona_cz,450,74,K,11,1348.95,0,120,48,2
windykacja,450,63,K,16,1151.1,0,38,48,1794
splacona_cz,200,71,K,13,910,11,134,48,0
splacona,200,76,K,13,965,10,251,48,3
splacona_cz,599.54,57,K,11,2103.84,1,174,48,3
splacona_cz,240,57,K,11,1172.2,10,43,48,0
splacona_cz,322.17,53,K,11,2065.98,3,185,48,0
splacona_cz,400,51,K,12,1000,11,39,1,4
splacona_cz,800,61,M,12,1400,0,26,7,4
splacona,400,55,K,11,1840,2,362,48,0
odmowa,0,50,K,11,1076.15,0,174,48,0
odmowa,0,34,M,12,1131,0,62,48,0
splacona,1500,58,M,98,3000,3,75,48,30
splacona_cz,200,57,K,11,1187.06,0,139,48,0
splacona_cz,300,66,K,13,813.35,1,207,48,0
splacona_cz,200,78,K,13,1100,2,254,48,9
splacona_cz,430,39,M,11,2470,7,72,48,3
splacona_cz,500,50,K,11,2470,1,360,48,0
splacona_cz,487.11,50,M,11,1867.29,1,55,48,3
splacona_cz,584.54,60,M,11,2300,1,78,48,2
splacona_cz,400,64,M,11,1660,0,56,48,1
splacona,399.69,61,K,16,1405,1,121,48,0
splacona_cz,300,55,K,11,1686,2,104,48,1
splacona_cz,400,57,K,98,980,1,16,48,1
splacona_cz,200,66,K,13,802.83,5,207,48,2
splacona_cz,400,66,M,16,1473.04,8,171,48,1
splacona_cz,300,64,K,13,1100,8,111,48,1
splacona_cz,200,54,K,16,749.28,11,71,48,1
splacona_cz,300,45,M,11,2000,0,207,48,0
splacona,300,66,K,13,5400,0,48,48,0
splacona_cz,300,44,M,11,2284.23,0,306,48,0
splacona_cz,300,46,K,11,3000,5,99,48,1
splacona_cz,500,50,K,11,1800,11,59,48,1
splacona,200,29,M,12,2100,1,23,19,0
splacona_cz,799.38,53,M,11,3200,1,195,48,2
splacona_cz,500,28,K,11,2100,2,29,48,0
splacona_cz,232.42,30,M,11,1590,5,59,48,1
windykacja,218.84,31,M,11,2700,0,70,48,1792
splacona_cz,974.22,70,K,13,2344.62,1,77,48,1
splacona_cz,200,58,M,11,1800,0,167,48,2
splacona_cz,300,71,K,13,1446,3,74,48,0
odmowa,0,49,M,16,996,0,283,48,0
splacona_cz,474.89,36,K,98,4000,0,25,48,9
splacona_cz,390.85,59,K,16,1589,4,33,48,0
windykacja,500,24,M,11,1800,0,15,48,1792
splacona_cz,400,42,M,11,2367,0,213,48,0
splacona_cz,600,64,K,13,1233,4,130,48,0
splacona,300,44,K,11,1400,0,31,48,4
splacona,300,52,M,17,1214,1,108,48,0
splacona,1000,66,M,13,3074,1,208,48,0
splacona_cz,291.14,38,K,12,2000,3,158,48,2
splacona_cz,250,45,K,99,1055,1,13,4,0
splacona_cz,400,46,M,11,2100,0,57,48,1
splacona_cz,200,61,K,13,1635,11,126,48,0
splacona,200,78,K,13,1300,2,200,48,0
splacona_cz,200,78,K,13,1902,1,200,48,0
splacona,1000,43,M,11,2263,1,82,48,7
splacona,200,27,K,12,1100,7,29,7,15
splacona_cz,500,30,K,12,1447,11,35,7,2
splacona_cz,574.23,64,K,13,3251,5,144,48,0
splacona_cz,587.11,63,K,13,1879,2,43,48,0
splacona_cz,1356.49,56,K,16,2300,2,69,48,0
splacona,443.73,45,K,11,2245.01,5,152,48,0
odmowa,0,56,K,16,723.51,0,28,48,0
splacona_cz,200,58,K,99,780,7,12,4,0
splacona,300,53,K,16,1511.88,0,64,48,0
splacona_cz,200,54,M,11,2094.17,7,247,48,1
odmowa,0,29,K,11,2700,0,72,48,0
splacona_cz,400,66,K,13,1715,0,112,48,4
splacona_cz,500,50,K,11,2500,0,240,48,0
splacona,200,30,M,12,1800,0,18,7,0
splacona_cz,300,38,M,99,1500,2,10,5,0
splacona_cz,1000,42,K,98,6000,7,24,48,1
splacona,300,69,K,13,1610,0,136,48,1
splacona_cz,300,71,M,13,1642.87,5,76,48,7
splacona,400.91,40,K,11,1239.05,3,211,48,14
odmowa,0,19,M,12,1311.86,0,13,11,0
splacona_cz,779.38,56,K,13,3440,11,58,48,1
splacona_cz,310.37,55,K,11,1721.7,1,127,48,2
splacona,200,66,M,13,1559,2,78,48,0
windykacja,697.03,63,K,13,1691.3,0,80,48,1785
splacona,200,78,M,13,2609,3,197,48,0
splacona_cz,289.69,69,K,13,1104.65,4,168,48,0
splacona,700,57,M,13,1609,2,116,48,0
splacona_cz,349.66,65,M,13,1601.87,7,52,48,0
splacona_cz,500,63,K,16,2084.79,2,148,48,0
odmowa,0,19,M,99,1300,0,3,0,0
splacona_cz,228.1,65,K,13,1582.15,3,112,48,2
splacona,500,47,M,11,1566.82,0,356,48,10
odmowa,0,71,K,16,2666,0,325,48,0
splacona_cz,400,26,K,17,1200,3,179,48,2
odmowa,0,58,K,15,803.81,0,40,48,0
splacona_cz,405.23,74,K,13,1412,5,211,48,0
windykacja,257.27,55,M,11,2100,8,44,48,1783
splacona_cz,588.25,50,K,11,2800,3,325,48,0
odmowa,0,70,K,13,2061,0,146,48,0
splacona_cz,500,36,M,11,2200,1,92,48,4
splacona_cz,940,66,K,13,930,5,137,48,3
splacona_cz,700,69,K,16,965,4,137,48,11
odmowa,0,34,M,12,1000,0,19,15,0
odmowa,0,25,M,11,2061,0,3,48,0
splacona_cz,779.89,48,K,12,830.46,9,71,48,0
splacona,600,27,K,11,2300,0,29,48,0
splacona_cz,560,64,K,13,930,8,100,48,0
splacona_cz,900,59,K,17,684,11,209,48,4
splacona_cz,200,32,K,12,1865,8,34,7,0
splacona_cz,596.28,33,M,11,2200,2,135,48,3
splacona,400,55,K,11,1756,1,5,48,0
splacona_cz,400,67,K,13,1137.19,3,103,48,2
splacona_cz,200,68,M,16,1600,2,18,48,0
splacona_cz,284.37,47,K,98,911,1,105,48,3
splacona_cz,300,71,K,13,1000,8,71,48,0
splacona_cz,600,44,K,11,1738.57,4,64,48,2
splacona_cz,242.26,36,K,12,1300,3,7,1,2
splacona_cz,596.33,48,M,12,600,12,27,10,0
splacona_cz,400,22,K,99,1155,1,5,1,5
splacona,500,64,K,13,1932,1,109,48,0
splacona_cz,600,73,K,13,691,5,145,48,0
splacona_cz,222.73,51,M,16,1045,10,206,48,3
splacona_cz,261.52,63,K,13,1189,11,76,48,0
splacona_cz,200,60,K,13,1000,3,64,48,3
splacona_cz,500,54,M,11,1320,11,349,48,0
splacona_cz,500,71,K,13,1200,10,126,48,12
splacona_cz,500,71,K,13,1200,0,126,48,12
splacona,400,50,M,12,1001,0,130,48,0
splacona_cz,300,64,M,12,1231,3,7,1,0
splacona_cz,597.83,46,M,12,3500,6,215,48,0
splacona,200,57,M,12,1600,2,60,48,0
splacona_cz,400,74,K,13,1140,3,244,48,0
splacona_cz,700,43,M,98,3014,2,109,48,0
splacona_cz,200,61,K,13,972.77,3,84,48,2
splacona_cz,500,48,K,11,1700,3,96,48,6
splacona_cz,300,38,K,12,1382,5,35,7,0
splacona_cz,400,49,K,12,1700,0,38,31,0
splacona_cz,298.18,41,K,11,1100,2,64,48,1
splacona,200,62,K,13,975,0,34,48,28
splacona_cz,350,71,K,13,768.89,12,264,48,0
splacona_cz,759.46,63,M,13,2474,6,22,48,0
splacona_cz,400,63,K,13,1045,0,83,48,0
splacona_cz,207.83,39,K,98,1200,11,52,48,4
splacona,200,37,K,11,1350,2,33,48,11
splacona_cz,300,49,K,11,980,2,206,48,4
odmowa,0,66,K,16,769.13,0,76,48,0
splacona_cz,200,57,K,15,736.36,3,147,48,0
odmowa,0,60,K,16,627.48,0,64,48,0
splacona_cz,700,62,K,13,2064,11,136,48,0
splacona_cz,681.95,66,K,16,892,1,207,48,1
splacona_cz,500,55,K,12,2200,0,11,1,0
splacona_cz,300,36,M,99,750,3,7,3,7
splacona_cz,487.11,60,K,13,1711,2,36,48,0
splacona_cz,200,73,K,13,786,10,567,48,3
splacona_cz,254.01,58,K,16,634.64,10,143,48,7
odmowa,0,27,M,11,3058,0,47,48,0
splacona_cz,200,34,M,11,1800,11,172,48,0
splacona_cz,389.69,61,K,13,1577.98,7,67,48,2
splacona_cz,300,61,K,13,810,12,40,48,0
splacona_cz,599.54,24,K,98,5000,0,8,48,0
odmowa,0,19,M,99,924,0,9,1,0
splacona_cz,284.07,32,M,11,1100,1,1,48,9
splacona_cz,400,75,K,13,1594.57,2,43,48,3
splacona,200,32,M,98,2000,0,21,48,0
splacona_cz,599.54,47,M,11,2100,1,126,48,0
splacona_cz,500,33,K,12,1500,1,9,3,4
splacona_cz,700,55,K,11,1500,0,117,48,0
splacona_cz,977.24,74,K,13,2254,2,62,48,0
splacona_cz,300,40,K,12,1027,11,59,48,0
odmowa,0,36,M,12,1038.86,0,23,13,0
odmowa,0,43,M,11,960,0,334,48,0
splacona_cz,300,56,M,13,1116,0,204,48,0
splacona_cz,298.75,64,K,16,1389,6,98,48,6
splacona_cz,500,41,K,12,1450,0,60,48,2
splacona_cz,500,37,M,12,2000,1,71,48,0
splacona_cz,250,68,K,13,777,1,100,48,0
odmowa,0,68,K,13,795.96,0,208,48,0
splacona_cz,400,78,M,13,2609,0,198,48,0
splacona,300,41,K,12,1810,0,2,1,0
splacona_cz,499.99,46,M,11,2600,2,9,48,0
splacona_cz,202.87,66,K,13,1400.96,10,118,48,1
splacona_cz,497.11,55,K,12,1230,1,69,48,0
splacona_cz,350,55,K,12,1700,12,69,48,0
splacona_cz,200,21,M,17,985,3,20,0,0
splacona_cz,549.85,63,K,13,1427.8,3,34,48,0
splacona_cz,1000,58,M,13,3772,1,93,48,0
splacona_cz,500,54,M,11,2080,0,325,48,7
splacona,500,51,K,17,990,0,85,48,15
splacona_cz,400,57,M,11,1842.86,10,14,48,1
splacona,500,76,K,13,1647,1,264,48,0
splacona_cz,200,64,M,16,808.99,1,256,48,0
splacona_cz,800,61,M,11,1200,2,136,48,0
splacona_cz,500,65,K,13,885,0,120,48,6
splacona_cz,400,79,K,13,1302.55,1,262,48,0
splacona_cz,1000,81,K,13,2090,3,252,48,0
odmowa,0,62,K,13,659,0,28,48,0
splacona,200,61,K,13,625,0,7,48,0
splacona_cz,300,43,K,11,1520,0,28,48,0
splacona_cz,315.12,74,M,13,1024.9,11,147,48,1
odmowa,0,62,M,13,1204,0,37,48,0
splacona,700,59,K,13,1609,0,42,48,1
odmowa,0,62,K,13,920,0,28,48,0
odmowa,0,62,M,13,1200,0,40,48,0
odmowa,0,29,M,12,1515.28,0,16,7,0
windykacja,2500,73,M,13,2612,3,88,48,1777
windykacja,677.97,40,K,11,1800,0,58,48,1777
odmowa,0,51,M,11,2131,0,96,48,0
splacona_cz,400,57,M,13,1944,1,157,48,2
windykacja,200,38,K,12,599.03,0,28,1,1777
windykacja,200,49,M,12,1100,2,13,0,1776
splacona_cz,242.26,55,K,11,1400,2,123,48,0
splacona_cz,300,36,K,12,1200,11,52,48,0
odmowa,0,30,M,16,930,0,240,48,0
odmowa,0,66,K,13,732,0,72,48,0
odmowa,0,24,M,12,1440,0,5,2,0
odmowa,0,62,K,13,947,0,74,48,0
splacona,400,50,K,12,1466,0,8,4,0
splacona_cz,229.92,67,K,16,957,3,207,48,4
splacona_cz,490,56,M,11,1460.17,8,68,48,3
splacona_cz,500,42,K,11,2824,3,108,48,1
splacona_cz,300,62,K,13,1051.89,3,19,48,0
splacona_cz,474.56,48,M,13,1500,6,93,48,0
splacona,300,65,K,16,1030.74,0,184,48,10
splacona,500,22,M,12,1300,0,35,31,0
splacona_cz,224.54,63,M,13,2000,5,41,48,0
odmowa,0,32,K,11,1600,0,7,48,0
splacona_cz,266.58,63,K,13,790.98,5,229,48,0
splacona,500,59,K,13,1522.63,1,49,48,0
splacona_cz,300,59,K,13,1240,4,77,48,0
splacona_cz,400,34,K,11,1380,0,33,48,3
splacona_cz,650,44,K,11,1966,1,86,48,0
splacona,389.69,64,K,13,954,1,40,48,0
splacona,200,64,K,16,534,1,168,48,2
splacona_cz,200,32,K,12,980,11,41,23,4
splacona_cz,200,63,K,13,1130,3,110,48,2
splacona_cz,400,75,M,13,1271,0,157,48,3
splacona_cz,300,62,K,13,744.07,2,19,48,0
splacona_cz,400,25,M,12,1440,0,23,13,0
splacona_cz,500,69,M,13,1689.98,0,88,48,3
odmowa,0,25,M,12,1500,0,23,4,0
splacona_cz,500,61,K,13,1241,1,4,48,0
splacona_cz,538.12,54,K,11,1700,3,212,48,6
splacona_cz,437.11,61,K,13,1000,11,75,48,0
splacona_cz,387.11,75,K,13,1471,4,117,48,0
splacona_cz,400,69,M,13,1162.41,2,111,48,0
splacona,650,66,M,13,1217,0,58,48,2
splacona_cz,200,27,M,12,1300,0,59,48,2
splacona_cz,500,37,K,11,1600,1,186,48,3
splacona_cz,400,61,K,16,1411,8,73,48,3
splacona_cz,581.74,36,K,11,2709.34,2,188,48,0
odmowa,0,71,K,13,1880,0,168,48,0
splacona,390.99,65,M,11,2600,3,142,48,0
splacona_cz,250,49,K,11,980,0,207,48,1
splacona_cz,500,48,M,13,864.34,6,163,48,0
splacona_cz,600,62,M,16,879.7,3,238,48,0
splacona_cz,500,48,K,98,2000,1,8,48,0
odmowa,0,62,M,16,915.39,0,148,48,0
splacona_cz,300,57,K,11,1800,4,118,48,2
splacona_cz,500,55,K,16,1130,0,19,48,0
odmowa,0,35,K,11,1200,0,16,48,0
splacona_cz,300,50,K,12,1115,2,24,15,2
splacona_cz,300,60,M,11,1822,0,156,48,0
splacona_cz,500,62,K,13,997,1,86,48,0
splacona_cz,498.33,61,K,13,1800,3,76,48,0
splacona_cz,500,56,K,11,2084,0,38,48,2
splacona_cz,400,59,M,11,1200,0,17,48,1
odmowa,0,58,M,13,800.96,0,229,48,0
splacona_cz,300,67,K,13,1428.55,0,144,48,1
splacona_cz,300,71,K,13,729.03,5,264,48,3
splacona_cz,500,26,M,11,1600,4,10,48,3
windykacja_sp,237.15,55,K,17,864.6,3,12,3,3
splacona,500,66,M,13,1470,0,29,48,0
splacona,635.71,64,K,13,960.96,0,87,48,10
odmowa,0,23,K,12,1200,0,35,32,0
splacona,500,76,K,13,1314.76,5,257,48,10
odmowa,0,64,M,11,1093,0,34,48,0
splacona_cz,250.18,58,K,16,1091,6,46,48,7
odmowa,0,51,M,17,701,0,56,48,0
splacona_cz,200,55,K,13,1200,0,1,48,16
odmowa,0,57,M,13,1150,0,168,48,0
splacona_cz,500,62,K,13,1280,0,24,48,0
splacona,200,54,K,12,1200,2,27,21,0
splacona_cz,400,72,M,13,1097,0,86,48,0
splacona_cz,400,55,K,12,1111.86,0,23,19,2
splacona_cz,250,63,K,13,1704.56,0,8,48,0
splacona_cz,300,28,M,12,2135,1,14,9,0
splacona_cz,500,54,M,11,1200,3,220,48,2
splacona_cz,400,34,K,12,1421,0,13,7,0
windykacja,1000,58,K,13,1530,4,32,48,1771
splacona_cz,384.49,39,M,11,3800,2,16,48,0
splacona_cz,478.59,63,M,13,2533.98,4,22,48,1
splacona_cz,400,47,K,11,1637,0,88,48,5
splacona_cz,500,61,K,13,1087.72,1,8,48,7
odmowa,0,45,M,99,1050,0,13,1,0
splacona_cz,282.84,64,K,13,1014,5,190,48,0
splacona_cz,400,59,M,16,879.17,1,313,48,0
odmowa,0,55,M,11,1110,0,18,48,0
splacona,300,61,K,13,1446,0,72,48,20
odmowa,0,60,K,11,597,0,16,48,0
splacona_cz,300,31,K,11,1300,1,1,48,2
splacona_cz,200,57,K,11,1187.06,1,140,48,1
windykacja,200,42,M,11,2548,0,9,48,1770
splacona,200,31,M,12,3400,0,37,13,0
splacona_cz,400,61,M,16,1865,2,339,48,0
odmowa,0,35,K,11,1650,0,4,48,0
splacona_cz,300,76,K,13,821.35,3,253,48,3
splacona_cz,200,64,K,13,947,0,108,48,1
splacona,500,71,K,13,1074.43,0,196,48,0
splacona_cz,300,68,K,13,783,3,160,48,0
splacona,400,25,M,12,1490,1,31,17,3
splacona_cz,600,54,K,16,1419,4,36,48,0
splacona_cz,500,37,M,11,2800,0,162,48,3
splacona_cz,280.98,39,K,11,2927,10,208,48,3
splacona_cz,561.46,45,M,12,1952.35,1,11,0,4
odmowa,0,67,M,13,2020,0,28,48,0
splacona_cz,400,34,K,12,2139,2,132,48,0
splacona_cz,999.22,34,K,11,2200,1,44,48,0
splacona_cz,800,62,K,13,5100,7,35,48,0
splacona_cz,294.87,49,K,11,1077.49,6,379,48,3
splacona_cz,300,32,M,11,2725,4,60,48,0
splacona,200,36,K,12,2155,0,35,18,0
odmowa,0,35,M,11,1650,0,34,48,0
splacona_cz,1000,48,K,11,5800,11,61,48,3
splacona_cz,500,27,M,11,2151,1,46,48,19
splacona_cz,300,59,M,12,1131,1,1,0,19
splacona_cz,364.59,52,M,13,4200,4,64,48,0
splacona_cz,600,44,K,11,1443,6,40,48,0
splacona,384.54,60,K,13,1706,1,122,48,0
windykacja,200,52,M,12,1188,1,18,1,1768
splacona_cz,200,69,M,13,1103,2,50,48,7
odmowa,0,42,K,12,1087,0,12,1,0
splacona_cz,300,30,K,12,2240,0,126,48,3
splacona_cz,300,66,M,13,1611,1,148,48,0
splacona,227.07,63,K,13,1650,4,89,48,0
splacona_cz,200,67,K,13,850,11,74,48,2
splacona_cz,289.69,76,K,13,1900,8,128,48,0
splacona_cz,374.53,53,K,98,3000,8,92,48,0
splacona,200,22,M,11,1700,1,22,48,0
splacona_cz,400,27,M,12,1200,0,48,37,4
splacona_cz,400,59,K,11,1500,10,92,48,6
splacona_cz,300,57,K,11,2000,0,196,48,0
splacona,300,26,M,12,1091.86,1,7,3,0
splacona_cz,300,71,K,13,1257,3,135,48,0
splacona_cz,549.83,55,K,12,1675,11,16,0,0
splacona_cz,467.11,56,M,11,1100,1,112,48,0
splacona_cz,300,69,K,13,1027,7,199,48,0
splacona_cz,200,63,K,13,790.98,0,229,48,0
splacona_cz,216.43,61,K,13,1224,2,62,48,1
splacona,700,51,K,11,4900,0,18,48,0
splacona,597.54,55,K,11,1300,0,75,48,18
splacona,474,62,M,11,1250,0,72,48,15
splacona_cz,300,76,M,13,1150,3,145,48,0
splacona,300,36,K,12,1700,0,14,7,17
splacona,350,59,K,13,1300,0,41,48,0
splacona_cz,200,51,M,12,1000,1,62,48,0
splacona_cz,300,65,K,13,796.09,1,63,48,0
splacona,200,62,K,13,984,7,18,48,0
splacona_cz,284.1,60,K,13,1098,3,63,48,0
splacona_cz,300,50,K,11,1180,0,357,48,1
odmowa,0,60,K,13,1331,0,60,48,0
splacona_cz,299.55,54,K,98,1100,2,58,48,0
splacona,250,35,M,11,1157.1,0,59,48,0
splacona,342.55,72,M,13,562,7,88,48,9
splacona_cz,487.15,74,K,13,951,2,169,48,0
splacona_cz,200,57,K,11,1187.06,1,140,48,0
splacona,399.69,53,K,11,1150,1,40,48,0
odmowa,0,41,K,11,1200,0,76,48,0
splacona_cz,561.01,52,K,11,3200,11,61,48,4
splacona_cz,465.17,55,K,11,2800,3,67,48,4
splacona_cz,600,62,K,13,2827.13,0,87,48,4
splacona,200,30,M,12,1800,0,18,7,0
splacona_cz,399.69,64,K,16,1693,1,71,48,7
splacona_cz,250,29,M,12,2100,0,23,18,0
splacona_cz,539.12,25,M,11,2327.94,1,42,48,2
splacona,240,46,M,99,1416,1,4,0,0
splacona_cz,400,49,K,11,1300,0,179,48,5
splacona_cz,300,80,K,13,1167.94,7,376,48,2
splacona_cz,200,71,K,13,910,12,135,48,0
odmowa,0,39,K,99,561,0,5,1,0
splacona_cz,600,62,K,13,1365,0,85,48,2
splacona_cz,400,60,K,99,900,2,94,48,3
splacona_cz,300,63,M,15,1150.7,0,97,48,2
splacona_cz,326.46,64,K,13,1668,12,98,48,1
splacona_cz,200,59,K,16,709,11,58,48,0
splacona_cz,300,41,K,12,2600,0,79,48,0
splacona_cz,200,70,K,16,959.6,0,122,48,0
splacona_cz,282.9,36,M,11,1058,7,21,48,1
splacona_cz,300,59,K,13,1264,0,52,48,1
splacona_cz,500,50,K,11,2470,2,361,48,0
splacona_cz,300,66,K,13,813.35,2,208,48,0
odmowa,0,22,K,12,1038,0,2,0,0
splacona_cz,300,73,M,13,2069,0,732,48,5
odmowa,0,52,M,11,1200,0,26,48,0
splacona_cz,293.89,53,K,11,1400,8,168,48,0
splacona_cz,240,57,K,11,1172.2,11,44,48,2
splacona,655.05,42,K,98,5000,1,91,48,13
windykacja,400,61,K,13,1208,3,87,48,1764
splacona_cz,501,62,K,13,1170,3,85,48,0
splacona_cz,322.17,53,K,11,2065.98,4,186,48,2
splacona_cz,600,63,K,13,1900,0,95,48,0
splacona_cz,300,47,K,11,1040,11,100,48,4
odmowa,0,29,M,11,1146,0,6,48,0
splacona_cz,281.84,47,K,12,1032,3,52,48,4
splacona_cz,200,26,M,11,1200,1,22,48,0
splacona,250,31,K,12,1600,0,58,48,0
splacona_cz,200,63,K,13,1837,0,4,48,0
splacona,200,57,K,16,1431,0,18,48,6
splacona,200,45,M,11,2000,1,208,48,0
splacona_cz,600,66,K,13,5400,0,49,48,0
splacona,300,57,M,11,1170,4,74,48,0
splacona_cz,446.55,64,K,13,3251,6,145,48,0
odmowa,0,48,K,12,1700,0,43,31,0
splacona,600,62,K,13,1431,0,53,48,3
splacona_cz,240,66,M,13,1181,2,122,48,6
splacona_cz,391.72,32,M,11,2700,10,22,48,3
splacona_cz,1000,58,M,12,2500,10,22,10,3
splacona_cz,390.85,59,K,16,1589,5,34,48,0
odmowa,0,74,K,13,903.6,0,170,48,0
splacona_cz,450,69,K,13,1019,4,140,48,20
splacona_cz,500,54,K,11,1666.17,0,356,48,0
splacona,400,28,K,11,2100,3,30,48,0
splacona,400,64,M,13,1557,0,24,48,3
odmowa,0,27,M,99,1300,0,5,1,0
splacona_cz,300,44,M,11,2284.23,1,307,48,7
splacona_cz,400,71,K,13,1446,4,75,48,3
splacona_cz,389.69,42,M,11,2367,1,214,48,6
splacona_cz,562.33,60,M,11,2300,2,79,48,0
splacona_cz,450,74,K,11,1348.95,1,121,48,0
windykacja,348.45,59,K,13,1571,3,53,48,1761
splacona_cz,466,50,M,11,2500,6,381,48,0
windykacja,700,78,K,13,1299,4,277,48,1761
splacona_cz,599.54,57,K,11,2103.84,2,175,48,0
splacona,519.09,50,M,11,1867.29,2,56,48,11
splacona_cz,500,38,M,11,1931,0,74,48,4
splacona_cz,400,57,K,98,980,2,17,48,0
windykacja_sp,3096.96,58,M,98,20000,0,137,48,145
splacona_cz,500,50,K,11,1800,12,60,48,0
splacona_cz,434.79,39,M,11,2470,8,73,48,2
splacona_cz,974.22,70,K,13,2344.62,2,78,48,2
splacona_cz,300,46,K,11,3000,6,100,48,0
splacona,731.95,68,K,13,1431,4,254,48,13
odmowa,0,26,K,11,1865,0,12,48,0
splacona_cz,200,54,K,16,749.28,12,72,48,0
odmowa,0,31,M,12,1100,0,2,2,0
splacona_cz,232.42,30,M,11,1590,6,60,48,0
splacona_cz,300,55,K,11,1686,3,105,48,0
splacona_cz,826.64,62,K,13,1362,11,63,48,2
splacona,224.21,60,M,11,2000,6,77,48,9
splacona_cz,400,64,M,11,1660,1,57,48,0
splacona_cz,200,55,K,11,1847,0,432,48,0
splacona_cz,342.26,38,M,99,1500,3,10,5,0
splacona_cz,300,64,K,13,1100,9,112,48,0
splacona_cz,400,66,M,16,1473.04,9,172,48,2
odmowa,0,24,K,98,5000,0,5,48,0
